"SampleID"	"barcode-nr"	"sample-name"	"forward-barcode"	"reverse-barcode"	"forward-primer"	"reverse-primer"	"type"	"time"	"exp-condition"	"bio-rep"	"cemist-id"	"pool"	"pcr-plate"	"extraction-day"	"rounds-chl"
"1"	"27"	"7"	"P-1-2"	"TCAAGAAA"	"TCAAGAAA"	"TCAAGAAACCTACGGG.GGC.GCAG            "	"TCAAGAAAGACTAC..GGGTATCTAATCC        "	"sample"	2	"TDA"	1	"0031"	"1"	"1"	"19.02.2020"	1
"2"	"28"	"8"	"P-2-2"	"ATCGAAAT"	"ATCGAAAT"	"ATCGAAATCCTACGGG.GGC.GCAG            "	"ATCGAAATGACTAC..GGGTATCTAATCC        "	"sample"	2	"TDA"	2	"0032"	"1"	"1"	"19.02.2020"	1
"3"	"29"	"9"	"P-3-2"	"ACATTTAC"	"ACATTTAC"	"ACATTTACCCTACGGG.GGC.GCAG            "	"ACATTTACGACTAC..GGGTATCTAATCC        "	"sample"	2	"TDA"	3	"0033"	"1"	"1"	"19.02.2020"	1
"4"	"30"	"10"	"P-4-2"	"TAGAAAAC"	"TAGAAAAC"	"TAGAAAACCCTACGGG.GGC.GCAG            "	"TAGAAAACGACTAC..GGGTATCTAATCC        "	"sample"	2	"TDA"	4	"0034"	"1"	"1"	"19.02.2020"	1
"5"	"31"	"11"	"D-1-2"	"TTATCACC"	"TTATCACC"	"TTATCACCCCTACGGG.GGC.GCAG            "	"TTATCACCGACTAC..GGGTATCTAATCC        "	"sample"	2	"NoTDA"	1	"0035"	"1"	"1"	"19.02.2020"	1
"6"	"32"	"12"	"D-2-2"	"AATAGGGT"	"AATAGGGT"	"AATAGGGTCCTACGGG.GGC.GCAG            "	"AATAGGGTGACTAC..GGGTATCTAATCC        "	"sample"	2	"NoTDA"	2	"0036"	"1"	"1"	"19.02.2020"	1
"7"	"33"	"13"	"D-3-2"	"ATTGCTGA"	"ATTGCTGA"	"ATTGCTGACCTACGGG.GGC.GCAG            "	"ATTGCTGAGACTAC..GGGTATCTAATCC        "	"sample"	2	"NoTDA"	3	"0037"	"1"	"1"	"19.02.2020"	1
"8"	"34"	"14"	"D-4-2"	"TGAGTTCT"	"TGAGTTCT"	"TGAGTTCTCCTACGGG.GGC.GCAG            "	"TGAGTTCTGACTAC..GGGTATCTAATCC        "	"sample"	2	"NoTDA"	4	"0038"	"1"	"1"	"20.02.2020"	1
"9"	"35"	"15"	"C-1-2"	"GGCTATTT"	"GGCTATTT"	"GGCTATTTCCTACGGG.GGC.GCAG            "	"GGCTATTTGACTAC..GGGTATCTAATCC        "	"sample"	2	"Control"	1	"0039"	"1"	"1"	"20.02.2020"	1
"10"	"36"	"16"	"C-2-2"	"CAAGAGAT"	"CAAGAGAT"	"CAAGAGATCCTACGGG.GGC.GCAG            "	"CAAGAGATGACTAC..GGGTATCTAATCC        "	"sample"	2	"Control"	2	"0040"	"1"	"1"	"20.02.2020"	1
"11"	"37"	"17"	"C-3-2"	"GGAATACA"	"GGAATACA"	"GGAATACACCTACGGG.GGC.GCAG            "	"GGAATACAGACTAC..GGGTATCTAATCC        "	"sample"	2	"Control"	3	"0041"	"1"	"1"	"20.02.2020"	1
"12"	"38"	"18"	"C-4-2"	"AAGGCAAT"	"AAGGCAAT"	"AAGGCAATCCTACGGG.GGC.GCAG            "	"AAGGCAATGACTAC..GGGTATCTAATCC        "	"sample"	2	"Control"	4	"0042"	"1"	"1"	"20.02.2020"	1
"13"	"9"	"19"	"C-1-0"	"ACAAAACG"	"ACAAAACG"	"ACAAAACGCCTACGGG.GGC.GCAG            "	"ACAAAACGGACTAC..GGGTATCTAATCC        "	"sample"	0	"Control"	1	"0013"	"1"	"1"	"11.02.2020"	1
"14"	"10"	"21"	"C-2-0"	"TTGAGTGA"	"TTGAGTGA"	"TTGAGTGACCTACGGG.GGC.GCAG            "	"TTGAGTGAGACTAC..GGGTATCTAATCC        "	"sample"	0	"Control"	2	"0014"	"1"	"1"	"11.02.2020"	1
"15"	"11"	"22"	"C-3-0"	"GCTTCTGA"	"GCTTCTGA"	"GCTTCTGACCTACGGG.GGC.GCAG            "	"GCTTCTGAGACTAC..GGGTATCTAATCC        "	"sample"	0	"Control"	3	"0015"	"1"	"1"	"11.02.2020"	1
"16"	"12"	"23"	"C-4-0"	"GGCAAGAT"	"GGCAAGAT"	"GGCAAGATCCTACGGG.GGC.GCAG            "	"GGCAAGATGACTAC..GGGTATCTAATCC        "	"sample"	0	"Control"	4	"0016"	"1"	"1"	"11.02.2020"	1
"17"	"13"	"24"	"N-0"	"GTGCTTTC"	"GTGCTTTC"	"GTGCTTTCCCTACGGG.GGC.GCAG            "	"GTGCTTTCGACTAC..GGGTATCTAATCC        "	"negative"	0	"Negative"	1	"0017"	"1"	"2"	"11.02.2020"	1
"18"	"14"	"25"	"P-1-1"	"ACACACTG"	"ACACACTG"	"ACACACTGCCTACGGG.GGC.GCAG            "	"ACACACTGGACTAC..GGGTATCTAATCC        "	"sample"	1	"TDA"	1	"0018"	"1"	"1"	"19.02.2020"	2
"19"	"15"	"26"	"P-2-1"	"CGATTCTG"	"CGATTCTG"	"CGATTCTGCCTACGGG.GGC.GCAG            "	"CGATTCTGGACTAC..GGGTATCTAATCC        "	"sample"	1	"TDA"	2	"0019"	"1"	"1"	"19.02.2020"	2
"20"	"16"	"27"	"P-3-1"	"GCAGAGTT"	"GCAGAGTT"	"GCAGAGTTCCTACGGG.GGC.GCAG            "	"GCAGAGTTGACTAC..GGGTATCTAATCC        "	"sample"	1	"TDA"	3	"0020"	"1"	"1"	"19.02.2020"	2
"21"	"17"	"28"	"P-4-1"	"CGTCCTAT"	"CGTCCTAT"	"CGTCCTATCCTACGGG.GGC.GCAG            "	"CGTCCTATGACTAC..GGGTATCTAATCC        "	"sample"	1	"TDA"	4	"0021"	"1"	"1"	"19.02.2020"	2
"22"	"18"	"30"	"D-1-1"	"GCTTGGTT"	"GCTTGGTT"	"GCTTGGTTCCTACGGG.GGC.GCAG            "	"GCTTGGTTGACTAC..GGGTATCTAATCC        "	"sample"	1	"NoTDA"	1	"0022"	"1"	"1"	"19.02.2020"	2
"23"	"19"	"31"	"D-2-1"	"ACAGGCTT"	"ACAGGCTT"	"ACAGGCTTCCTACGGG.GGC.GCAG            "	"ACAGGCTTGACTAC..GGGTATCTAATCC        "	"sample"	1	"NoTDA"	2	"0023"	"1"	"1"	"19.02.2020"	2
"24"	"20"	"33"	"D-3-1"	"TGACGCTT"	"TGACGCTT"	"TGACGCTTCCTACGGG.GGC.GCAG            "	"TGACGCTTGACTAC..GGGTATCTAATCC        "	"sample"	1	"NoTDA"	3	"0024"	"1"	"1"	"19.02.2020"	2
"25"	"21"	"1"	"D-4-1"	"TTTTAATC"	"TTTTAATC"	"TTTTAATCCCTACGGG.GGC.GCAG            "	"TTTTAATCGACTAC..GGGTATCTAATCC        "	"sample"	1	"NoTDA"	4	"0025"	"2"	"1"	"19.02.2020"	2
"26"	"22"	"2"	"C-1-1"	"ATAATTAG"	"ATAATTAG"	"ATAATTAGCCTACGGG.GGC.GCAG            "	"ATAATTAGGACTAC..GGGTATCTAATCC        "	"sample"	1	"Control"	1	"0026"	"2"	"1"	"19.02.2020"	2
"27"	"23"	"3"	"C-2-1"	"ACCAAATT"	"ACCAAATT"	"ACCAAATTCCTACGGG.GGC.GCAG            "	"ACCAAATTGACTAC..GGGTATCTAATCC        "	"sample"	1	"Control"	2	"0027"	"2"	"1"	"19.02.2020"	2
"28"	"24"	"4"	"C-3-1"	"CTTATCAA"	"CTTATCAA"	"CTTATCAACCTACGGG.GGC.GCAG            "	"CTTATCAAGACTAC..GGGTATCTAATCC        "	"sample"	1	"Control"	3	"0028"	"2"	"1"	"19.02.2020"	2
"29"	"25"	"5"	"C-4-1"	"TGATCATT"	"TGATCATT"	"TGATCATTCCTACGGG.GGC.GCAG            "	"TGATCATTGACTAC..GGGTATCTAATCC        "	"sample"	1	"Control"	4	"0029"	"2"	"1"	"19.02.2020"	2
"30"	"26"	"6"	"N-1"	"AGAATCTA"	"AGAATCTA"	"AGAATCTACCTACGGG.GGC.GCAG            "	"AGAATCTAGACTAC..GGGTATCTAATCC        "	"negative"	1	"Negative"	1	"0030"	"2"	"2"	"19.02.2020"	2
"31"	"1"	"11"	"P-1-0"	"TTATCACC"	"TTATCACC"	"TTATCACCCCTACGGG.GGC.GCAG            "	"TTATCACCGACTAC..GGGTATCTAATCC        "	"sample"	0	"TDA"	1	"0005"	"2"	"1"	"11.02.2020"	1
"32"	"2"	"12"	"P-2-0"	"AATAGGGT"	"AATAGGGT"	"AATAGGGTCCTACGGG.GGC.GCAG            "	"AATAGGGTGACTAC..GGGTATCTAATCC        "	"sample"	0	"TDA"	2	"0006"	"2"	"1"	"11.02.2020"	1
"33"	"3"	"13"	"P-3-0"	"ATTGCTGA"	"ATTGCTGA"	"ATTGCTGACCTACGGG.GGC.GCAG            "	"ATTGCTGAGACTAC..GGGTATCTAATCC        "	"sample"	0	"TDA"	3	"0007"	"2"	"1"	"11.02.2020"	1
"34"	"4"	"14"	"P-4-0"	"TGAGTTCT"	"TGAGTTCT"	"TGAGTTCTCCTACGGG.GGC.GCAG            "	"TGAGTTCTGACTAC..GGGTATCTAATCC        "	"sample"	0	"TDA"	4	"0008"	"2"	"1"	"11.02.2020"	1
"35"	"5"	"15"	"D-1-0"	"GGCTATTT"	"GGCTATTT"	"GGCTATTTCCTACGGG.GGC.GCAG            "	"GGCTATTTGACTAC..GGGTATCTAATCC        "	"sample"	0	"NoTDA"	1	"0009"	"2"	"1"	"11.02.2020"	1
"36"	"6"	"16"	"D-2-0"	"CAAGAGAT"	"CAAGAGAT"	"CAAGAGATCCTACGGG.GGC.GCAG            "	"CAAGAGATGACTAC..GGGTATCTAATCC        "	"sample"	0	"NoTDA"	2	"0010"	"2"	"1"	"11.02.2020"	1
"37"	"7"	"17"	"D-3-0"	"GGAATACA"	"GGAATACA"	"GGAATACACCTACGGG.GGC.GCAG            "	"GGAATACAGACTAC..GGGTATCTAATCC        "	"sample"	0	"NoTDA"	3	"0011"	"2"	"1"	"11.02.2020"	1
"38"	"8"	"18"	"D-4-0"	"AAGGCAAT"	"AAGGCAAT"	"AAGGCAATCCTACGGG.GGC.GCAG            "	"AAGGCAATGACTAC..GGGTATCTAATCC        "	"sample"	0	"NoTDA"	4	"0012"	"2"	"1"	"11.02.2020"	1
"39"	"40"	"19"	"P-1-3"	"ACAAAACG"	"ACAAAACG"	"ACAAAACGCCTACGGG.GGC.GCAG            "	"ACAAAACGGACTAC..GGGTATCTAATCC        "	"sample"	3	"TDA"	1	"0044"	"2"	"1"	"20.02.2020"	1
"40"	"41"	"21"	"P-2-3"	"TTGAGTGA"	"TTGAGTGA"	"TTGAGTGACCTACGGG.GGC.GCAG            "	"TTGAGTGAGACTAC..GGGTATCTAATCC        "	"sample"	3	"TDA"	2	"0045"	"2"	"1"	"20.02.2020"	1
"41"	"42"	"22"	"P-3-3"	"GCTTCTGA"	"GCTTCTGA"	"GCTTCTGACCTACGGG.GGC.GCAG            "	"GCTTCTGAGACTAC..GGGTATCTAATCC        "	"sample"	3	"TDA"	3	"0046"	"2"	"1"	"20.02.2020"	1
"42"	"43"	"23"	"P-4-3"	"GGCAAGAT"	"GGCAAGAT"	"GGCAAGATCCTACGGG.GGC.GCAG            "	"GGCAAGATGACTAC..GGGTATCTAATCC        "	"sample"	3	"TDA"	4	"0047"	"2"	"1"	"20.02.2020"	1
"43"	"44"	"24"	"D-1-3"	"GTGCTTTC"	"GTGCTTTC"	"GTGCTTTCCCTACGGG.GGC.GCAG            "	"GTGCTTTCGACTAC..GGGTATCTAATCC        "	"sample"	3	"NoTDA"	1	"0048"	"2"	"1"	"20.02.2020"	1
"44"	"45"	"25"	"D-2-3"	"ACACACTG"	"ACACACTG"	"ACACACTGCCTACGGG.GGC.GCAG            "	"ACACACTGGACTAC..GGGTATCTAATCC        "	"sample"	3	"NoTDA"	2	"0049"	"2"	"1"	"20.02.2020"	1
"45"	"46"	"26"	"D-3-3"	"CGATTCTG"	"CGATTCTG"	"CGATTCTGCCTACGGG.GGC.GCAG            "	"CGATTCTGGACTAC..GGGTATCTAATCC        "	"sample"	3	"NoTDA"	3	"0050"	"2"	"1"	"20.02.2020"	1
"46"	"47"	"27"	"D-4-3"	"GCAGAGTT"	"GCAGAGTT"	"GCAGAGTTCCTACGGG.GGC.GCAG            "	"GCAGAGTTGACTAC..GGGTATCTAATCC        "	"sample"	3	"NoTDA"	4	"0051"	"2"	"1"	"20.02.2020"	1
"47"	"48"	"28"	"C-1-3"	"CGTCCTAT"	"CGTCCTAT"	"CGTCCTATCCTACGGG.GGC.GCAG            "	"CGTCCTATGACTAC..GGGTATCTAATCC        "	"sample"	3	"Control"	1	"0052"	"2"	"1"	"20.02.2020"	1
"48"	"49"	"30"	"C-2-3"	"GCTTGGTT"	"GCTTGGTT"	"GCTTGGTTCCTACGGG.GGC.GCAG            "	"GCTTGGTTGACTAC..GGGTATCTAATCC        "	"sample"	3	"Control"	2	"0053"	"2"	"1"	"20.02.2020"	1
"49"	"50"	"31"	"C-3-3"	"ACAGGCTT"	"ACAGGCTT"	"ACAGGCTTCCTACGGG.GGC.GCAG            "	"ACAGGCTTGACTAC..GGGTATCTAATCC        "	"sample"	3	"Control"	3	"0054"	"2"	"1"	"20.02.2020"	1
"50"	"51"	"33"	"C-4-3"	"TGACGCTT"	"TGACGCTT"	"TGACGCTTCCTACGGG.GGC.GCAG            "	"TGACGCTTGACTAC..GGGTATCTAATCC        "	"sample"	3	"Control"	4	"0055"	"2"	"1"	"20.02.2020"	1
"51"	"52"	"1"	"N-3"	"TTTTAATC"	"TTTTAATC"	"TTTTAATCCCTACGGG.GGC.GCAG            "	"TTTTAATCGACTAC..GGGTATCTAATCC        "	"negative"	3	"Negative"	3	"0056"	"3"	"2"	"20.02.2020"	1
"52"	"53"	"2"	"P-1-4"	"ATAATTAG"	"ATAATTAG"	"ATAATTAGCCTACGGG.GGC.GCAG            "	"ATAATTAGGACTAC..GGGTATCTAATCC        "	"sample"	4	"TDA"	1	"0057"	"3"	"1"	"20.02.2020"	1
"53"	"54"	"3"	"P-2-4"	"ACCAAATT"	"ACCAAATT"	"ACCAAATTCCTACGGG.GGC.GCAG            "	"ACCAAATTGACTAC..GGGTATCTAATCC        "	"sample"	4	"TDA"	2	"0058"	"3"	"1"	"21.02.2020"	1
"54"	"55"	"4"	"P-3-4"	"CTTATCAA"	"CTTATCAA"	"CTTATCAACCTACGGG.GGC.GCAG            "	"CTTATCAAGACTAC..GGGTATCTAATCC        "	"sample"	4	"TDA"	3	"0059"	"3"	"1"	"21.02.2020"	1
"55"	"56"	"5"	"P-4-4"	"TGATCATT"	"TGATCATT"	"TGATCATTCCTACGGG.GGC.GCAG            "	"TGATCATTGACTAC..GGGTATCTAATCC        "	"sample"	4	"TDA"	4	"0060"	"3"	"1"	"21.02.2020"	1
"56"	"57"	"6"	"D-1-4"	"AGAATCTA"	"AGAATCTA"	"AGAATCTACCTACGGG.GGC.GCAG            "	"AGAATCTAGACTAC..GGGTATCTAATCC        "	"sample"	4	"NoTDA"	1	"0061"	"3"	"1"	"21.02.2020"	1
"57"	"58"	"7"	"D-2-4"	"TCAAGAAA"	"TCAAGAAA"	"TCAAGAAACCTACGGG.GGC.GCAG            "	"TCAAGAAAGACTAC..GGGTATCTAATCC        "	"sample"	4	"NoTDA"	2	"0062"	"3"	"1"	"21.02.2020"	1
"58"	"59"	"8"	"D-3-4"	"ATCGAAAT"	"ATCGAAAT"	"ATCGAAATCCTACGGG.GGC.GCAG            "	"ATCGAAATGACTAC..GGGTATCTAATCC        "	"sample"	4	"NoTDA"	3	"0063"	"3"	"1"	"21.02.2020"	1
"59"	"60"	"9"	"D-4-4"	"ACATTTAC"	"ACATTTAC"	"ACATTTACCCTACGGG.GGC.GCAG            "	"ACATTTACGACTAC..GGGTATCTAATCC        "	"sample"	4	"NoTDA"	4	"0064"	"3"	"1"	"21.02.2020"	1
"60"	"61"	"10"	"C-1-4"	"TAGAAAAC"	"TAGAAAAC"	"TAGAAAACCCTACGGG.GGC.GCAG            "	"TAGAAAACGACTAC..GGGTATCTAATCC        "	"sample"	4	"Control"	1	"0065"	"3"	"1"	"21.02.2020"	1
"61"	"62"	"11"	"C-2-4"	"TTATCACC"	"TTATCACC"	"TTATCACCCCTACGGG.GGC.GCAG            "	"TTATCACCGACTAC..GGGTATCTAATCC        "	"sample"	4	"Control"	2	"0066"	"3"	"1"	"21.02.2020"	1
"62"	"63"	"12"	"C-3-4"	"AATAGGGT"	"AATAGGGT"	"AATAGGGTCCTACGGG.GGC.GCAG            "	"AATAGGGTGACTAC..GGGTATCTAATCC        "	"sample"	4	"Control"	3	"0067"	"3"	"1"	"21.02.2020"	1
"63"	"64"	"13"	"C-4-4"	"ATTGCTGA"	"ATTGCTGA"	"ATTGCTGACCTACGGG.GGC.GCAG            "	"ATTGCTGAGACTAC..GGGTATCTAATCC        "	"sample"	4	"Control"	4	"0068"	"3"	"1"	"21.02.2020"	1
"64"	"66"	"14"	"P-1-5"	"TGAGTTCT"	"TGAGTTCT"	"TGAGTTCTCCTACGGG.GGC.GCAG            "	"TGAGTTCTGACTAC..GGGTATCTAATCC        "	"sample"	5	"TDA"	1	"0070"	"3"	"1"	"21.02.2020"	2
"65"	"67"	"15"	"P-2-5"	"GGCTATTT"	"GGCTATTT"	"GGCTATTTCCTACGGG.GGC.GCAG            "	"GGCTATTTGACTAC..GGGTATCTAATCC        "	"sample"	5	"TDA"	2	"0071"	"3"	"1"	"21.02.2020"	1
"66"	"68"	"16"	"P-3-5"	"CAAGAGAT"	"CAAGAGAT"	"CAAGAGATCCTACGGG.GGC.GCAG            "	"CAAGAGATGACTAC..GGGTATCTAATCC        "	"sample"	5	"TDA"	3	"0072"	"3"	"1"	"21.02.2020"	1
"67"	"69"	"17"	"P-4-5"	"GGAATACA"	"GGAATACA"	"GGAATACACCTACGGG.GGC.GCAG            "	"GGAATACAGACTAC..GGGTATCTAATCC        "	"sample"	5	"TDA"	4	"0073"	"3"	"1"	"21.02.2020"	1
"68"	"70"	"18"	"D-1-5"	"AAGGCAAT"	"AAGGCAAT"	"AAGGCAATCCTACGGG.GGC.GCAG            "	"AAGGCAATGACTAC..GGGTATCTAATCC        "	"sample"	5	"NoTDA"	1	"0074"	"3"	"1"	"21.02.2020"	1
"69"	"71"	"19"	"D-2-5"	"ACAAAACG"	"ACAAAACG"	"ACAAAACGCCTACGGG.GGC.GCAG            "	"ACAAAACGGACTAC..GGGTATCTAATCC        "	"sample"	5	"NoTDA"	2	"0075"	"3"	"1"	"21.02.2020"	1
"70"	"72"	"21"	"D-3-5"	"TTGAGTGA"	"TTGAGTGA"	"TTGAGTGACCTACGGG.GGC.GCAG            "	"TTGAGTGAGACTAC..GGGTATCTAATCC        "	"sample"	5	"NoTDA"	3	"0076"	"3"	"1"	"21.02.2020"	1
"71"	"73"	"22"	"D-4-5"	"GCTTCTGA"	"GCTTCTGA"	"GCTTCTGACCTACGGG.GGC.GCAG            "	"GCTTCTGAGACTAC..GGGTATCTAATCC        "	"sample"	5	"NoTDA"	4	"0077"	"3"	"1"	"21.02.2020"	1
"72"	"74"	"23"	"C-1-5"	"GGCAAGAT"	"GGCAAGAT"	"GGCAAGATCCTACGGG.GGC.GCAG            "	"GGCAAGATGACTAC..GGGTATCTAATCC        "	"sample"	5	"Control"	1	"0078"	"3"	"1"	"26.02.2020"	1
"73"	"75"	"24"	"C-2-5"	"GTGCTTTC"	"GTGCTTTC"	"GTGCTTTCCCTACGGG.GGC.GCAG            "	"GTGCTTTCGACTAC..GGGTATCTAATCC        "	"sample"	5	"Control"	2	"0079"	"3"	"1"	"26.02.2020"	1
"74"	"76"	"25"	"C-3-5"	"ACACACTG"	"ACACACTG"	"ACACACTGCCTACGGG.GGC.GCAG            "	"ACACACTGGACTAC..GGGTATCTAATCC        "	"sample"	5	"Control"	3	"0080"	"3"	"1"	"26.02.2020"	1
"75"	"77"	"26"	"C-4-5"	"CGATTCTG"	"CGATTCTG"	"CGATTCTGCCTACGGG.GGC.GCAG            "	"CGATTCTGGACTAC..GGGTATCTAATCC        "	"sample"	5	"Control"	4	"0081"	"3"	"1"	"26.02.2020"	1
"76"	"78"	"27"	"N-5"	"GCAGAGTT"	"GCAGAGTT"	"GCAGAGTTCCTACGGG.GGC.GCAG            "	"GCAGAGTTGACTAC..GGGTATCTAATCC        "	"negative"	5	"Negative"	5	"0082"	"3"	"2"	"26.02.2020"	1
"77"	"79"	"28"	"P-1-6"	"CGTCCTAT"	"CGTCCTAT"	"CGTCCTATCCTACGGG.GGC.GCAG            "	"CGTCCTATGACTAC..GGGTATCTAATCC        "	"sample"	6	"TDA"	1	"0083"	"3"	"1"	"26.02.2020"	1
"78"	"80"	"30"	"P-2-6"	"GCTTGGTT"	"GCTTGGTT"	"GCTTGGTTCCTACGGG.GGC.GCAG            "	"GCTTGGTTGACTAC..GGGTATCTAATCC        "	"sample"	6	"TDA"	2	"0084"	"3"	"1"	"26.02.2020"	1
"79"	"81"	"31"	"P-3-6"	"ACAGGCTT"	"ACAGGCTT"	"ACAGGCTTCCTACGGG.GGC.GCAG            "	"ACAGGCTTGACTAC..GGGTATCTAATCC        "	"sample"	6	"TDA"	3	"0085"	"3"	"1"	"26.02.2020"	1
"80"	"82"	"33"	"P-4-6"	"TGACGCTT"	"TGACGCTT"	"TGACGCTTCCTACGGG.GGC.GCAG            "	"TGACGCTTGACTAC..GGGTATCTAATCC        "	"sample"	6	"TDA"	4	"0086"	"3"	"1"	"26.02.2020"	1
"81"	"83"	"1"	"D-1-6"	"TTTTAATC"	"TTTTAATC"	"TTTTAATCCCTACGGG.GGC.GCAG            "	"TTTTAATCGACTAC..GGGTATCTAATCC        "	"sample"	6	"NoTDA"	1	"0087"	"4"	"2"	"26.02.2020"	1
"82"	"84"	"2"	"D-2-6"	"ATAATTAG"	"ATAATTAG"	"ATAATTAGCCTACGGG.GGC.GCAG            "	"ATAATTAGGACTAC..GGGTATCTAATCC        "	"sample"	6	"NoTDA"	2	"0088"	"4"	"1"	"26.02.2020"	1
"83"	"85"	"3"	"D-3-6"	"ACCAAATT"	"ACCAAATT"	"ACCAAATTCCTACGGG.GGC.GCAG            "	"ACCAAATTGACTAC..GGGTATCTAATCC        "	"sample"	6	"NoTDA"	3	"0089"	"4"	"1"	"26.02.2020"	1
"84"	"86"	"4"	"D-4-6"	"CTTATCAA"	"CTTATCAA"	"CTTATCAACCTACGGG.GGC.GCAG            "	"CTTATCAAGACTAC..GGGTATCTAATCC        "	"sample"	6	"NoTDA"	4	"0090"	"4"	"1"	"26.02.2020"	1
"85"	"87"	"5"	"C-1-6"	"TGATCATT"	"TGATCATT"	"TGATCATTCCTACGGG.GGC.GCAG            "	"TGATCATTGACTAC..GGGTATCTAATCC        "	"sample"	6	"Control"	1	"0091"	"4"	"1"	"26.02.2020"	1
"86"	"88"	"6"	"C-2-6"	"AGAATCTA"	"AGAATCTA"	"AGAATCTACCTACGGG.GGC.GCAG            "	"AGAATCTAGACTAC..GGGTATCTAATCC        "	"sample"	6	"Control"	2	"0092"	"4"	"1"	"26.02.2020"	1
"87"	"89"	"7"	"C-3-6"	"TCAAGAAA"	"TCAAGAAA"	"TCAAGAAACCTACGGG.GGC.GCAG            "	"TCAAGAAAGACTAC..GGGTATCTAATCC        "	"sample"	6	"Control"	3	"0093"	"4"	"1"	"26.02.2020"	1
"88"	"90"	"8"	"C-4-6"	"ATCGAAAT"	"ATCGAAAT"	"ATCGAAATCCTACGGG.GGC.GCAG            "	"ATCGAAATGACTAC..GGGTATCTAATCC        "	"sample"	6	"Control"	4	"0094"	"4"	"1"	"26.02.2020"	1
"89"	"91"	"9"	"N-6"	"ACATTTAC"	"ACATTTAC"	"ACATTTACCCTACGGG.GGC.GCAG            "	"ACATTTACGACTAC..GGGTATCTAATCC        "	"negative"	6	"Negative"	6	"0095"	"4"	"2"	"26.02.2020"	1
"90"	"92"	"10"	"P-1-7"	"TAGAAAAC"	"TAGAAAAC"	"TAGAAAACCCTACGGG.GGC.GCAG            "	"TAGAAAACGACTAC..GGGTATCTAATCC        "	"sample"	7	"TDA"	1	"0096"	"4"	"1"	"27.02.2020"	1
"91"	"93"	"11"	"P-2-7"	"TTATCACC"	"TTATCACC"	"TTATCACCCCTACGGG.GGC.GCAG            "	"TTATCACCGACTAC..GGGTATCTAATCC        "	"sample"	7	"TDA"	2	"0097"	"4"	"1"	"27.02.2020"	2
"92"	"94"	"12"	"P-3-7"	"AATAGGGT"	"AATAGGGT"	"AATAGGGTCCTACGGG.GGC.GCAG            "	"AATAGGGTGACTAC..GGGTATCTAATCC        "	"sample"	7	"TDA"	3	"0098"	"4"	"1"	"27.02.2020"	1
"93"	"95"	"13"	"P-4-7"	"ATTGCTGA"	"ATTGCTGA"	"ATTGCTGACCTACGGG.GGC.GCAG            "	"ATTGCTGAGACTAC..GGGTATCTAATCC        "	"sample"	7	"TDA"	4	"0099"	"4"	"1"	"27.02.2020"	1
"94"	"96"	"14"	"D-1-7"	"TGAGTTCT"	"TGAGTTCT"	"TGAGTTCTCCTACGGG.GGC.GCAG            "	"TGAGTTCTGACTAC..GGGTATCTAATCC        "	"sample"	7	"NoTDA"	1	"0100"	"4"	"1"	"27.02.2020"	1
"95"	"97"	"15"	"D-2-7"	"GGCTATTT"	"GGCTATTT"	"GGCTATTTCCTACGGG.GGC.GCAG            "	"GGCTATTTGACTAC..GGGTATCTAATCC        "	"sample"	7	"NoTDA"	2	"0101"	"4"	"1"	"27.02.2020"	2
"96"	"98"	"16"	"D-3-7"	"CAAGAGAT"	"CAAGAGAT"	"CAAGAGATCCTACGGG.GGC.GCAG            "	"CAAGAGATGACTAC..GGGTATCTAATCC        "	"sample"	7	"NoTDA"	3	"0102"	"4"	"1"	"27.02.2020"	1
"97"	"99"	"17"	"D-4-7"	"GGAATACA"	"GGAATACA"	"GGAATACACCTACGGG.GGC.GCAG            "	"GGAATACAGACTAC..GGGTATCTAATCC        "	"sample"	7	"NoTDA"	4	"0103"	"4"	"1"	"27.02.2020"	2
"98"	"100"	"18"	"C-1-7"	"AAGGCAAT"	"AAGGCAAT"	"AAGGCAATCCTACGGG.GGC.GCAG            "	"AAGGCAATGACTAC..GGGTATCTAATCC        "	"sample"	7	"Control"	1	"0104"	"4"	"1"	"27.02.2020"	1
"99"	"101"	"19"	"C-2-7"	"ACAAAACG"	"ACAAAACG"	"ACAAAACGCCTACGGG.GGC.GCAG            "	"ACAAAACGGACTAC..GGGTATCTAATCC        "	"sample"	7	"Control"	2	"0105"	"4"	"1"	"27.02.2020"	1
"100"	"102"	"21"	"C-3-7"	"TTGAGTGA"	"TTGAGTGA"	"TTGAGTGACCTACGGG.GGC.GCAG            "	"TTGAGTGAGACTAC..GGGTATCTAATCC        "	"sample"	7	"Control"	3	"0106"	"4"	"1"	"27.02.2020"	1
"101"	"103"	"22"	"C-4-7"	"GCTTCTGA"	"GCTTCTGA"	"GCTTCTGACCTACGGG.GGC.GCAG            "	"GCTTCTGAGACTAC..GGGTATCTAATCC        "	"sample"	7	"Control"	4	"0107"	"4"	"1"	"27.02.2020"	1
"102"	"105"	"23"	"P-1-8"	"GGCAAGAT"	"GGCAAGAT"	"GGCAAGATCCTACGGG.GGC.GCAG            "	"GGCAAGATGACTAC..GGGTATCTAATCC        "	"sample"	8	"TDA"	1	"0109"	"4"	"2"	"27.02.2020"	1
"103"	"106"	"24"	"P-2-8"	"GTGCTTTC"	"GTGCTTTC"	"GTGCTTTCCCTACGGG.GGC.GCAG            "	"GTGCTTTCGACTAC..GGGTATCTAATCC        "	"sample"	8	"TDA"	2	"0110"	"4"	"2"	"27.02.2020"	1
"104"	"107"	"25"	"P-3-8"	"ACACACTG"	"ACACACTG"	"ACACACTGCCTACGGG.GGC.GCAG            "	"ACACACTGGACTAC..GGGTATCTAATCC        "	"sample"	8	"TDA"	3	"0111"	"4"	"2"	"27.02.2020"	1
"105"	"108"	"26"	"P-4-8"	"CGATTCTG"	"CGATTCTG"	"CGATTCTGCCTACGGG.GGC.GCAG            "	"CGATTCTGGACTAC..GGGTATCTAATCC        "	"sample"	8	"TDA"	4	"0112"	"4"	"2"	"06.02.2020"	1
"106"	"109"	"27"	"D-1-8"	"GCAGAGTT"	"GCAGAGTT"	"GCAGAGTTCCTACGGG.GGC.GCAG            "	"GCAGAGTTGACTAC..GGGTATCTAATCC        "	"sample"	8	"NoTDA"	1	"0113"	"4"	"2"	"06.02.2020"	1
"107"	"110"	"28"	"D-2-8"	"CGTCCTAT"	"CGTCCTAT"	"CGTCCTATCCTACGGG.GGC.GCAG            "	"CGTCCTATGACTAC..GGGTATCTAATCC        "	"sample"	8	"NoTDA"	2	"0114"	"4"	"2"	"06.02.2020"	1
"108"	"111"	"30"	"D-3-8"	"GCTTGGTT"	"GCTTGGTT"	"GCTTGGTTCCTACGGG.GGC.GCAG            "	"GCTTGGTTGACTAC..GGGTATCTAATCC        "	"sample"	8	"NoTDA"	3	"0115"	"4"	"2"	"06.02.2020"	1
"109"	"112"	"31"	"D-4-8"	"ACAGGCTT"	"ACAGGCTT"	"ACAGGCTTCCTACGGG.GGC.GCAG            "	"ACAGGCTTGACTAC..GGGTATCTAATCC        "	"sample"	8	"NoTDA"	4	"0116"	"4"	"2"	"06.02.2020"	1
"110"	"113"	"33"	"C-1-8"	"TGACGCTT"	"TGACGCTT"	"TGACGCTTCCTACGGG.GGC.GCAG            "	"TGACGCTTGACTAC..GGGTATCTAATCC        "	"sample"	8	"Control"	1	"0117"	"4"	"2"	"06.02.2020"	1
"111"	"114"	"1"	"C-2-8"	"TTTTAATC"	"TTTTAATC"	"TTTTAATCCCTACGGG.GGC.GCAG            "	"TTTTAATCGACTAC..GGGTATCTAATCC        "	"sample"	8	"Control"	2	"0118"	"5"	"2"	"06.02.2020"	1
"112"	"115"	"2"	"C-3-8"	"ATAATTAG"	"ATAATTAG"	"ATAATTAGCCTACGGG.GGC.GCAG            "	"ATAATTAGGACTAC..GGGTATCTAATCC        "	"sample"	8	"Control"	3	"0119"	"5"	"2"	"06.02.2020"	1
"113"	"116"	"3"	"C-4-8"	"ACCAAATT"	"ACCAAATT"	"ACCAAATTCCTACGGG.GGC.GCAG            "	"ACCAAATTGACTAC..GGGTATCTAATCC        "	"sample"	8	"Control"	4	"0120"	"5"	"2"	"06.02.2020"	1
"114"	"117"	"4"	"N-8"	"CTTATCAA"	"CTTATCAA"	"CTTATCAACCTACGGG.GGC.GCAG            "	"CTTATCAAGACTAC..GGGTATCTAATCC        "	"negative"	8	"Negative"	8	"0121"	"5"	"2"	"06.02.2020"	1
"115"	"118"	"5"	"P-1-9"	"TGATCATT"	"TGATCATT"	"TGATCATTCCTACGGG.GGC.GCAG            "	"TGATCATTGACTAC..GGGTATCTAATCC        "	"sample"	9	"TDA"	1	"0122"	"5"	"2"	"03.02.2020"	1
"116"	"119"	"6"	"P-2-9"	"AGAATCTA"	"AGAATCTA"	"AGAATCTACCTACGGG.GGC.GCAG            "	"AGAATCTAGACTAC..GGGTATCTAATCC        "	"sample"	9	"TDA"	2	"0123"	"5"	"2"	"03.02.2020"	1
"117"	"120"	"7"	"P-3-9"	"TCAAGAAA"	"TCAAGAAA"	"TCAAGAAACCTACGGG.GGC.GCAG            "	"TCAAGAAAGACTAC..GGGTATCTAATCC        "	"sample"	9	"TDA"	3	"0124"	"5"	"2"	"03.02.2020"	1
"118"	"121"	"8"	"P-4-9"	"ATCGAAAT"	"ATCGAAAT"	"ATCGAAATCCTACGGG.GGC.GCAG            "	"ATCGAAATGACTAC..GGGTATCTAATCC        "	"sample"	9	"TDA"	4	"0125"	"5"	"2"	"03.02.2020"	1
"119"	"122"	"9"	"D-1-9"	"ACATTTAC"	"ACATTTAC"	"ACATTTACCCTACGGG.GGC.GCAG            "	"ACATTTACGACTAC..GGGTATCTAATCC        "	"sample"	9	"NoTDA"	1	"0126"	"5"	"2"	"03.02.2020"	1
"120"	"123"	"10"	"D-2-9"	"TAGAAAAC"	"TAGAAAAC"	"TAGAAAACCCTACGGG.GGC.GCAG            "	"TAGAAAACGACTAC..GGGTATCTAATCC        "	"sample"	9	"NoTDA"	2	"0127"	"5"	"2"	"03.02.2020"	1
"121"	"124"	"11"	"D-3-9"	"TTATCACC"	"TTATCACC"	"TTATCACCCCTACGGG.GGC.GCAG            "	"TTATCACCGACTAC..GGGTATCTAATCC        "	"sample"	9	"NoTDA"	3	"0128"	"5"	"2"	"03.02.2020"	1
"122"	"125"	"12"	"D-4-9"	"AATAGGGT"	"AATAGGGT"	"AATAGGGTCCTACGGG.GGC.GCAG            "	"AATAGGGTGACTAC..GGGTATCTAATCC        "	"sample"	9	"NoTDA"	4	"0129"	"5"	"2"	"03.02.2020"	1
"123"	"126"	"13"	"C-1-9"	"ATTGCTGA"	"ATTGCTGA"	"ATTGCTGACCTACGGG.GGC.GCAG            "	"ATTGCTGAGACTAC..GGGTATCTAATCC        "	"sample"	9	"Control"	1	"0130"	"5"	"2"	"03.02.2020"	1
"124"	"127"	"14"	"C-2-9"	"TGAGTTCT"	"TGAGTTCT"	"TGAGTTCTCCTACGGG.GGC.GCAG            "	"TGAGTTCTGACTAC..GGGTATCTAATCC        "	"sample"	9	"Control"	2	"0131"	"5"	"2"	"03.02.2020"	1
"125"	"128"	"15"	"C-3-9"	"GGCTATTT"	"GGCTATTT"	"GGCTATTTCCTACGGG.GGC.GCAG            "	"GGCTATTTGACTAC..GGGTATCTAATCC        "	"sample"	9	"Control"	3	"0132"	"5"	"2"	"03.02.2020"	1
"126"	"129"	"16"	"C-4-9"	"CAAGAGAT"	"CAAGAGAT"	"CAAGAGATCCTACGGG.GGC.GCAG            "	"CAAGAGATGACTAC..GGGTATCTAATCC        "	"sample"	9	"Control"	4	"0133"	"5"	"2"	"03.02.2020"	1
"127"	"130"	"17"	"N-9"	"GGAATACA"	"GGAATACA"	"GGAATACACCTACGGG.GGC.GCAG            "	"GGAATACAGACTAC..GGGTATCTAATCC        "	"negative"	9	"Negative"	9	"0134"	"5"	"2"	"03.02.2020"	1
"128"	"131"	"18"	"P-1-10"	"AAGGCAAT"	"AAGGCAAT"	"AAGGCAATCCTACGGG.GGC.GCAG            "	"AAGGCAATGACTAC..GGGTATCTAATCC        "	"sample"	10	"TDA"	1	"0135"	"5"	"2"	"03.02.2020"	1
"129"	"132"	"19"	"P-2-10"	"ACAAAACG"	"ACAAAACG"	"ACAAAACGCCTACGGG.GGC.GCAG            "	"ACAAAACGGACTAC..GGGTATCTAATCC        "	"sample"	10	"TDA"	2	"0136"	"5"	"2"	"03.02.2020"	1
"130"	"133"	"21"	"P-3-10"	"TTGAGTGA"	"TTGAGTGA"	"TTGAGTGACCTACGGG.GGC.GCAG            "	"TTGAGTGAGACTAC..GGGTATCTAATCC        "	"sample"	10	"TDA"	3	"0137"	"5"	"2"	"03.02.2020"	1
"131"	"134"	"22"	"P-4-10"	"GCTTCTGA"	"GCTTCTGA"	"GCTTCTGACCTACGGG.GGC.GCAG            "	"GCTTCTGAGACTAC..GGGTATCTAATCC        "	"sample"	10	"TDA"	4	"0138"	"5"	"2"	"03.02.2020"	1
"132"	"135"	"23"	"D-1-10"	"GGCAAGAT"	"GGCAAGAT"	"GGCAAGATCCTACGGG.GGC.GCAG            "	"GGCAAGATGACTAC..GGGTATCTAATCC        "	"sample"	10	"NoTDA"	1	"0139"	"5"	"2"	"03.02.2020"	1
"133"	"136"	"24"	"D-2-10"	"GTGCTTTC"	"GTGCTTTC"	"GTGCTTTCCCTACGGG.GGC.GCAG            "	"GTGCTTTCGACTAC..GGGTATCTAATCC        "	"sample"	10	"NoTDA"	2	"0140"	"5"	"2"	"03.02.2020"	1
"134"	"137"	"25"	"D-3-10"	"ACACACTG"	"ACACACTG"	"ACACACTGCCTACGGG.GGC.GCAG            "	"ACACACTGGACTAC..GGGTATCTAATCC        "	"sample"	10	"NoTDA"	3	"0141"	"5"	"2"	"03.02.2020"	1
"135"	"138"	"26"	"D-4-10"	"CGATTCTG"	"CGATTCTG"	"CGATTCTGCCTACGGG.GGC.GCAG            "	"CGATTCTGGACTAC..GGGTATCTAATCC        "	"sample"	10	"NoTDA"	4	"0142"	"5"	"2"	"03.02.2020"	1
"136"	"139"	"27"	"C-1-10"	"GCAGAGTT"	"GCAGAGTT"	"GCAGAGTTCCTACGGG.GGC.GCAG            "	"GCAGAGTTGACTAC..GGGTATCTAATCC        "	"sample"	10	"Control"	1	"0143"	"5"	"2"	"03.02.2020"	1
"137"	"140"	"28"	"C-2-10"	"CGTCCTAT"	"CGTCCTAT"	"CGTCCTATCCTACGGG.GGC.GCAG            "	"CGTCCTATGACTAC..GGGTATCTAATCC        "	"sample"	10	"Control"	2	"0144"	"5"	"2"	"03.02.2020"	1
"138"	"141"	"30"	"C-3-10"	"GCTTGGTT"	"GCTTGGTT"	"GCTTGGTTCCTACGGG.GGC.GCAG            "	"GCTTGGTTGACTAC..GGGTATCTAATCC        "	"sample"	10	"Control"	3	"0145"	"5"	"2"	"03.02.2020"	1
"139"	"142"	"31"	"C-4-10"	"ACAGGCTT"	"ACAGGCTT"	"ACAGGCTTCCTACGGG.GGC.GCAG            "	"ACAGGCTTGACTAC..GGGTATCTAATCC        "	"sample"	10	"Control"	4	"0146"	"5"	"2"	"03.02.2020"	1
"140"	"143"	"33"	"N-10"	"TGACGCTT"	"TGACGCTT"	"TGACGCTTCCTACGGG.GGC.GCAG            "	"TGACGCTTGACTAC..GGGTATCTAATCC        "	"negative"	10	"Negative"	10	"0147"	"5"	"2"	"03.02.2020"	1
